Timestamp,Session ID,Referrer,Destination,Device Type,Total Time (seconds),Clicks,IP,City,Proxy,Status,Error Reason
2026-02-02 15:30:08,1afcf661,https://www.google.com/,https://www.timesofindiadigital.com/?utm_source=Janus&utm_medium=google&utm_campaign=janustraffic&utm_id=janus | https://gennpulse.com/?utm_source=Janus&utm_medium=google&utm_campaign=janustraffic&utm_id=janus,mobile,101,8,92.62.121.164,,,SUCCESS,
2026-02-02 15:30:36,13050e87,https://www.google.com/,https://www.timesofindiadigital.com/?utm_source=Janus&utm_medium=google&utm_campaign=janustraffic&utm_id=janus | https://gennpulse.com/?utm_source=Janus&utm_medium=google&utm_campaign=janustraffic&utm_id=janus,desktop,129,8,92.62.121.164,,,SUCCESS,
2026-02-02 15:30:59,b9b2cae5,https://www.google.com/,https://www.timesofindiadigital.com/?utm_source=Janus&utm_medium=google&utm_campaign=janustraffic&utm_id=janus | https://gennpulse.com/?utm_source=Janus&utm_medium=google&utm_campaign=janustraffic&utm_id=janus,mobile,152,4,92.62.121.164,,,SUCCESS,
2026-02-02 15:41:35,e7ffb50c,https://www.google.com/,https://gennpulse.com/?utm_source=Janus&utm_medium=google&utm_campaign=janustraffic&utm_id=janus,mobile,110,8,,,,SUCCESS,
2026-02-02 15:41:54,74e0cae2,https://www.google.com/,https://gennpulse.com/?utm_source=Janus&utm_medium=google&utm_campaign=janustraffic&utm_id=janus,mobile,129,9,,,,SUCCESS,
2026-02-02 15:41:57,d87d9183,https://www.google.com/,https://gennpulse.com/?utm_source=Janus&utm_medium=google&utm_campaign=janustraffic&utm_id=janus,mobile,132,8,,,,SUCCESS,
2026-02-02 16:09:26,848d3e8c,https://www.google.com/,https://www.timesofindiadigital.com/?utm_source=Janus&utm_medium=google&utm_campaign=janustraffic&utm_id=janus | https://gennpulse.com/?utm_source=Janus&utm_medium=google&utm_campaign=janustraffic&utm_id=janus,mobile,50,0,,,,SUCCESS,
2026-02-02 16:09:39,83d3cde5,https://www.google.com/,https://www.timesofindiadigital.com/?utm_source=Janus&utm_medium=google&utm_campaign=janustraffic&utm_id=janus | https://gennpulse.com/?utm_source=Janus&utm_medium=google&utm_campaign=janustraffic&utm_id=janus,mobile,63,0,,,,SUCCESS,
2026-02-02 16:09:41,930289c2,https://www.google.com/,https://www.timesofindiadigital.com/?utm_source=Janus&utm_medium=google&utm_campaign=janustraffic&utm_id=janus | https://gennpulse.com/?utm_source=Janus&utm_medium=google&utm_campaign=janustraffic&utm_id=janus,mobile,65,0,,,,SUCCESS,
2026-02-02 16:09:52,9b98878f,https://www.google.com/,https://www.timesofindiadigital.com/?utm_source=Janus&utm_medium=google&utm_campaign=janustraffic&utm_id=janus | https://gennpulse.com/?utm_source=Janus&utm_medium=google&utm_campaign=janustraffic&utm_id=janus,mobile,76,0,,,,SUCCESS,
2026-02-02 16:10:38,7f937ed9,https://www.google.com/,https://www.timesofindiadigital.com/?utm_source=Janus&utm_medium=google&utm_campaign=janustraffic&utm_id=janus | https://gennpulse.com/?utm_source=Janus&utm_medium=google&utm_campaign=janustraffic&utm_id=janus,desktop,122,0,,,,SUCCESS,
2026-02-02 16:19:26,f5c8559d,https://www.sonima.com,https://www.timesofindiadigital.com/?utm_source=Janus&utm_medium=google&utm_campaign=janustraffic&utm_id=janus | https://gennpulse.com/?utm_source=Janus&utm_medium=google&utm_campaign=janustraffic&utm_id=janus,desktop,68,0,,,,SUCCESS,
2026-02-02 16:19:36,b6fd1880,https://www.tv5news.in,https://www.timesofindiadigital.com/?utm_source=Janus&utm_medium=google&utm_campaign=janustraffic&utm_id=janus | https://gennpulse.com/?utm_source=Janus&utm_medium=google&utm_campaign=janustraffic&utm_id=janus,mobile,78,0,,,,SUCCESS,
2026-02-02 16:20:00,5b50a14a,https://inquisitr.com,https://www.timesofindiadigital.com/?utm_source=Janus&utm_medium=google&utm_campaign=janustraffic&utm_id=janus | https://gennpulse.com/?utm_source=Janus&utm_medium=google&utm_campaign=janustraffic&utm_id=janus,mobile,102,0,,,,SUCCESS,
2026-02-02 16:20:48,8e50e971,https://telugu.telugubullet.com,https://www.timesofindiadigital.com/?utm_source=Janus&utm_medium=google&utm_campaign=janustraffic&utm_id=janus | https://gennpulse.com/?utm_source=Janus&utm_medium=google&utm_campaign=janustraffic&utm_id=janus,mobile,81,0,,,,SUCCESS,
2026-02-02 16:21:24,65c01e77,https://www.grihshobha.in/food,https://www.timesofindiadigital.com/?utm_source=Janus&utm_medium=google&utm_campaign=janustraffic&utm_id=janus | https://gennpulse.com/?utm_source=Janus&utm_medium=google&utm_campaign=janustraffic&utm_id=janus,desktop,83,0,,,,SUCCESS,
2026-02-02 16:21:37,954af363,https://idiva.com,https://www.timesofindiadigital.com/?utm_source=Janus&utm_medium=google&utm_campaign=janustraffic&utm_id=janus | https://gennpulse.com/?utm_source=Janus&utm_medium=google&utm_campaign=janustraffic&utm_id=janus,mobile,120,0,,,,SUCCESS,
2026-02-02 16:22:14,d58f6cbc,https://naidunia.com,https://www.timesofindiadigital.com/?utm_source=Janus&utm_medium=google&utm_campaign=janustraffic&utm_id=janus | https://gennpulse.com/?utm_source=Janus&utm_medium=google&utm_campaign=janustraffic&utm_id=janus,desktop,85,0,,,,SUCCESS,
2026-02-02 16:22:35,9f5e864d,https://www.rozanaspokesman.com,https://www.timesofindiadigital.com/?utm_source=Janus&utm_medium=google&utm_campaign=janustraffic&utm_id=janus | https://gennpulse.com/?utm_source=Janus&utm_medium=google&utm_campaign=janustraffic&utm_id=janus,desktop,58,0,,,,SUCCESS,
2026-02-02 16:22:48,23254a9b,https://www.divyamarathi.bhaskar.com,https://www.timesofindiadigital.com/?utm_source=Janus&utm_medium=google&utm_campaign=janustraffic&utm_id=janus | https://gennpulse.com/?utm_source=Janus&utm_medium=google&utm_campaign=janustraffic&utm_id=janus,mobile,84,0,,,,SUCCESS,
2026-02-02 16:23:21,ec0d1a8a,https://investopedia.com/,https://www.timesofindiadigital.com/?utm_source=Janus&utm_medium=google&utm_campaign=janustraffic&utm_id=janus | https://gennpulse.com/?utm_source=Janus&utm_medium=google&utm_campaign=janustraffic&utm_id=janus,desktop,45,0,,,,SUCCESS,
2026-02-02 16:24:33,b85e8556,https://teluguonlinenews.com,https://www.timesofindiadigital.com/?utm_source=Janus&utm_medium=google&utm_campaign=janustraffic&utm_id=janus | https://gennpulse.com/?utm_source=Janus&utm_medium=google&utm_campaign=janustraffic&utm_id=janus,desktop,39,0,,,,SUCCESS,
2026-02-02 16:25:26,a9639497,https://www.theprajatantra.org/prajatantra,https://www.timesofindiadigital.com/?utm_source=Janus&utm_medium=google&utm_campaign=janustraffic&utm_id=janus | https://gennpulse.com/?utm_source=Janus&utm_medium=google&utm_campaign=janustraffic&utm_id=janus,desktop,92,0,,,,SUCCESS,
2026-02-02 16:25:40,28ad975d,https://kannada.filmibeat.com,https://www.timesofindiadigital.com/?utm_source=Janus&utm_medium=google&utm_campaign=janustraffic&utm_id=janus | https://gennpulse.com/?utm_source=Janus&utm_medium=google&utm_campaign=janustraffic&utm_id=janus,mobile,66,0,,,,SUCCESS,
2026-02-02 16:25:51,97c688b3,https://mediafire.com,https://www.timesofindiadigital.com/?utm_source=Janus&utm_medium=google&utm_campaign=janustraffic&utm_id=janus | https://gennpulse.com/?utm_source=Janus&utm_medium=google&utm_campaign=janustraffic&utm_id=janus,desktop,117,0,,,,SUCCESS,
2026-02-02 16:26:24,30162063,https://mykhel.com,https://www.timesofindiadigital.com/?utm_source=Janus&utm_medium=google&utm_campaign=janustraffic&utm_id=janus | https://gennpulse.com/?utm_source=Janus&utm_medium=google&utm_campaign=janustraffic&utm_id=janus,desktop,57,0,,,,SUCCESS,
2026-02-02 16:26:32,ab6de31a,https://bollywoodlife.com,https://www.timesofindiadigital.com/?utm_source=Janus&utm_medium=google&utm_campaign=janustraffic&utm_id=janus | https://gennpulse.com/?utm_source=Janus&utm_medium=google&utm_campaign=janustraffic&utm_id=janus,mobile,52,0,,,,SUCCESS,
2026-02-02 16:27:23,abad7712,https://enewz.in,https://www.timesofindiadigital.com/?utm_source=Janus&utm_medium=google&utm_campaign=janustraffic&utm_id=janus | https://gennpulse.com/?utm_source=Janus&utm_medium=google&utm_campaign=janustraffic&utm_id=janus,desktop,92,0,,,,SUCCESS,
2026-02-02 16:27:49,82445d0b,https://delhimetrorail.info,https://www.timesofindiadigital.com/?utm_source=Janus&utm_medium=google&utm_campaign=janustraffic&utm_id=janus | https://gennpulse.com/?utm_source=Janus&utm_medium=google&utm_campaign=janustraffic&utm_id=janus,mobile,85,0,,,,SUCCESS,
2026-02-02 16:27:53,fe8aed40,https://cinemapettai.com,https://www.timesofindiadigital.com/?utm_source=Janus&utm_medium=google&utm_campaign=janustraffic&utm_id=janus | https://gennpulse.com/?utm_source=Janus&utm_medium=google&utm_campaign=janustraffic&utm_id=janus,desktop,80,0,,,,SUCCESS,
2026-02-02 16:28:44,d4ba5152,https://elle.in,https://www.timesofindiadigital.com/?utm_source=Janus&utm_medium=google&utm_campaign=janustraffic&utm_id=janus | https://gennpulse.com/?utm_source=Janus&utm_medium=google&utm_campaign=janustraffic&utm_id=janus,desktop,80,0,,,,SUCCESS,
2026-02-02 16:29:15,70279440,https://malayalam.filmibeat.com,https://www.timesofindiadigital.com/?utm_source=Janus&utm_medium=google&utm_campaign=janustraffic&utm_id=janus | https://gennpulse.com/?utm_source=Janus&utm_medium=google&utm_campaign=janustraffic&utm_id=janus,desktop,85,0,,,,SUCCESS,
2026-02-02 16:29:24,fdd6adad,https://malayalam.drivespark.com,https://www.timesofindiadigital.com/?utm_source=Janus&utm_medium=google&utm_campaign=janustraffic&utm_id=janus | https://gennpulse.com/?utm_source=Janus&utm_medium=google&utm_campaign=janustraffic&utm_id=janus,desktop,39,0,,,,SUCCESS,
2026-02-02 16:29:46,975d1ad6,https://businesstoday.in,https://www.timesofindiadigital.com/?utm_source=Janus&utm_medium=google&utm_campaign=janustraffic&utm_id=janus | https://gennpulse.com/?utm_source=Janus&utm_medium=google&utm_campaign=janustraffic&utm_id=janus,mobile,112,0,,,,SUCCESS,
2026-02-02 16:30:35,b33aa49a,https://divyahimachal.com,https://www.timesofindiadigital.com/?utm_source=Janus&utm_medium=google&utm_campaign=janustraffic&utm_id=janus | https://gennpulse.com/?utm_source=Janus&utm_medium=google&utm_campaign=janustraffic&utm_id=janus,desktop,49,0,,,,SUCCESS,
2026-02-02 16:30:46,d3001387,https://www.mangalam.com,https://www.timesofindiadigital.com/?utm_source=Janus&utm_medium=google&utm_campaign=janustraffic&utm_id=janus | https://gennpulse.com/?utm_source=Janus&utm_medium=google&utm_campaign=janustraffic&utm_id=janus,desktop,90,0,,,,SUCCESS,
2026-02-02 16:31:11,fd7cde19,https://economictimes.com,https://www.timesofindiadigital.com/?utm_source=Janus&utm_medium=google&utm_campaign=janustraffic&utm_id=janus | https://gennpulse.com/?utm_source=Janus&utm_medium=google&utm_campaign=janustraffic&utm_id=janus,mobile,107,0,,,,SUCCESS,
2026-02-02 16:31:19,4c7212cf,https://news24online.com,https://www.timesofindiadigital.com/?utm_source=Janus&utm_medium=google&utm_campaign=janustraffic&utm_id=janus | https://gennpulse.com/?utm_source=Janus&utm_medium=google&utm_campaign=janustraffic&utm_id=janus,mobile,32,0,,,,SUCCESS,
2026-02-02 16:31:49,91c9ff6e,https://www.chandrikadaily.com,https://www.timesofindiadigital.com/?utm_source=Janus&utm_medium=google&utm_campaign=janustraffic&utm_id=janus | https://gennpulse.com/?utm_source=Janus&utm_medium=google&utm_campaign=janustraffic&utm_id=janus,mobile,37,0,,,,SUCCESS,
2026-02-02 16:31:55,b401330b,https://tarladalal.com,https://www.timesofindiadigital.com/?utm_source=Janus&utm_medium=google&utm_campaign=janustraffic&utm_id=janus | https://gennpulse.com/?utm_source=Janus&utm_medium=google&utm_campaign=janustraffic&utm_id=janus,mobile,36,0,,,,SUCCESS,
2026-02-02 16:32:26,a397db62,https://everydayhealth.com,https://www.timesofindiadigital.com/?utm_source=Janus&utm_medium=google&utm_campaign=janustraffic&utm_id=janus | https://gennpulse.com/?utm_source=Janus&utm_medium=google&utm_campaign=janustraffic&utm_id=janus,desktop,110,0,,,,SUCCESS,
2026-02-02 16:32:31,96ecf90c,https://www.goodrx.com,https://www.timesofindiadigital.com/?utm_source=Janus&utm_medium=google&utm_campaign=janustraffic&utm_id=janus | https://gennpulse.com/?utm_source=Janus&utm_medium=google&utm_campaign=janustraffic&utm_id=janus,mobile,35,0,,,,SUCCESS,
2026-02-02 16:33:11,2f09c267,https://timesnownews.com,https://www.timesofindiadigital.com/?utm_source=Janus&utm_medium=google&utm_campaign=janustraffic&utm_id=janus | https://gennpulse.com/?utm_source=Janus&utm_medium=google&utm_campaign=janustraffic&utm_id=janus,mobile,81,0,,,,SUCCESS,
2026-02-02 16:33:27,b3caae85,https://prabhatkhabar.com,https://www.timesofindiadigital.com/?utm_source=Janus&utm_medium=google&utm_campaign=janustraffic&utm_id=janus | https://gennpulse.com/?utm_source=Janus&utm_medium=google&utm_campaign=janustraffic&utm_id=janus,desktop,61,0,,,,SUCCESS,
2026-02-02 16:34:28,479aeccc,https://www.dinakaran.com,https://www.timesofindiadigital.com/?utm_source=Janus&utm_medium=google&utm_campaign=janustraffic&utm_id=janus | https://gennpulse.com/?utm_source=Janus&utm_medium=google&utm_campaign=janustraffic&utm_id=janus,mobile,116,0,,,,SUCCESS,
2026-02-02 16:35:02,ac19d4ca,https://wikibio.in,https://www.timesofindiadigital.com/?utm_source=Janus&utm_medium=google&utm_campaign=janustraffic&utm_id=janus | https://gennpulse.com/?utm_source=Janus&utm_medium=google&utm_campaign=janustraffic&utm_id=janus,desktop,111,0,,,,SUCCESS,
2026-02-02 16:35:10,5250a2ad,https://sportskeeda.com,https://www.timesofindiadigital.com/?utm_source=Janus&utm_medium=google&utm_campaign=janustraffic&utm_id=janus | https://gennpulse.com/?utm_source=Janus&utm_medium=google&utm_campaign=janustraffic&utm_id=janus,mobile,42,0,,,,SUCCESS,
2026-02-02 16:35:17,1a4d5788,https://mayoclinic.org,https://www.timesofindiadigital.com/?utm_source=Janus&utm_medium=google&utm_campaign=janustraffic&utm_id=janus | https://gennpulse.com/?utm_source=Janus&utm_medium=google&utm_campaign=janustraffic&utm_id=janus,desktop,109,0,,,,SUCCESS,
2026-02-02 16:36:26,dad1e4b2,https://prabhasakshi.com,https://www.timesofindiadigital.com/?utm_source=Janus&utm_medium=google&utm_campaign=janustraffic&utm_id=janus | https://gennpulse.com/?utm_source=Janus&utm_medium=google&utm_campaign=janustraffic&utm_id=janus,desktop,75,0,,,,SUCCESS,
2026-02-02 16:36:40,59e6a42a,https://tastyrecipes.in,https://www.timesofindiadigital.com/?utm_source=Janus&utm_medium=google&utm_campaign=janustraffic&utm_id=janus | https://gennpulse.com/?utm_source=Janus&utm_medium=google&utm_campaign=janustraffic&utm_id=janus,mobile,97,0,,,,SUCCESS,
2026-02-02 16:37:02,ab022d35,https://bengali.abplive.com,https://www.timesofindiadigital.com/?utm_source=Janus&utm_medium=google&utm_campaign=janustraffic&utm_id=janus | https://gennpulse.com/?utm_source=Janus&utm_medium=google&utm_campaign=janustraffic&utm_id=janus,mobile,104,0,,,,SUCCESS,
2026-02-02 16:37:44,b8d97219,https://marathigold.com,https://www.timesofindiadigital.com/?utm_source=Janus&utm_medium=google&utm_campaign=janustraffic&utm_id=janus | https://gennpulse.com/?utm_source=Janus&utm_medium=google&utm_campaign=janustraffic&utm_id=janus,desktop,64,0,,,,SUCCESS,
2026-02-02 16:37:52,a0174b48,https://m.webmd.com,https://www.timesofindiadigital.com/?utm_source=Janus&utm_medium=google&utm_campaign=janustraffic&utm_id=janus | https://gennpulse.com/?utm_source=Janus&utm_medium=google&utm_campaign=janustraffic&utm_id=janus,mobile,85,0,,,,SUCCESS,
2026-02-02 16:38:05,e1aee1ff,https://gadgetbridge.com,https://www.timesofindiadigital.com/?utm_source=Janus&utm_medium=google&utm_campaign=janustraffic&utm_id=janus | https://gennpulse.com/?utm_source=Janus&utm_medium=google&utm_campaign=janustraffic&utm_id=janus,mobile,63,0,,,,SUCCESS,
2026-02-02 16:38:49,387ff838,https://greatandhra.com,https://www.timesofindiadigital.com/?utm_source=Janus&utm_medium=google&utm_campaign=janustraffic&utm_id=janus | https://gennpulse.com/?utm_source=Janus&utm_medium=google&utm_campaign=janustraffic&utm_id=janus,mobile,57,0,,,,SUCCESS,
2026-02-02 16:39:04,66a878fc,https://tamil.asianetnews.com,https://www.timesofindiadigital.com/?utm_source=Janus&utm_medium=google&utm_campaign=janustraffic&utm_id=janus | https://gennpulse.com/?utm_source=Janus&utm_medium=google&utm_campaign=janustraffic&utm_id=janus,mobile,58,0,,,,SUCCESS,
2026-02-02 16:39:33,756c2055,https://gujaratimidday.com,https://www.timesofindiadigital.com/?utm_source=Janus&utm_medium=google&utm_campaign=janustraffic&utm_id=janus | https://gennpulse.com/?utm_source=Janus&utm_medium=google&utm_campaign=janustraffic&utm_id=janus,mobile,108,0,,,,SUCCESS,
2026-02-02 16:40:25,abd72270,https://www.maharashtratimes.com,https://www.timesofindiadigital.com/?utm_source=Janus&utm_medium=google&utm_campaign=janustraffic&utm_id=janus | https://gennpulse.com/?utm_source=Janus&utm_medium=google&utm_campaign=janustraffic&utm_id=janus,mobile,80,0,,,,SUCCESS,
2026-02-02 16:40:30,51b152ad,https://naidunia.com,https://www.timesofindiadigital.com/?utm_source=Janus&utm_medium=google&utm_campaign=janustraffic&utm_id=janus | https://gennpulse.com/?utm_source=Janus&utm_medium=google&utm_campaign=janustraffic&utm_id=janus,desktop,100,0,,,,SUCCESS,
2026-02-02 16:40:58,afc9a1bd,https://www.halodoc.com/,https://www.timesofindiadigital.com/?utm_source=Janus&utm_medium=google&utm_campaign=janustraffic&utm_id=janus | https://gennpulse.com/?utm_source=Janus&utm_medium=google&utm_campaign=janustraffic&utm_id=janus,desktop,33,0,,,,SUCCESS,
2026-02-02 16:41:18,5d0dc107,https://southlive.in,https://www.timesofindiadigital.com/?utm_source=Janus&utm_medium=google&utm_campaign=janustraffic&utm_id=janus | https://gennpulse.com/?utm_source=Janus&utm_medium=google&utm_campaign=janustraffic&utm_id=janus,desktop,47,0,,,,SUCCESS,
2026-02-02 16:41:34,84dc7f4a,https://www.samayaepaper.com,https://www.timesofindiadigital.com/?utm_source=Janus&utm_medium=google&utm_campaign=janustraffic&utm_id=janus | https://gennpulse.com/?utm_source=Janus&utm_medium=google&utm_campaign=janustraffic&utm_id=janus,mobile,120,0,,,,SUCCESS,
2026-02-02 16:42:06,07b8b380,https://hosakannada.com,https://www.timesofindiadigital.com/?utm_source=Janus&utm_medium=google&utm_campaign=janustraffic&utm_id=janus | https://gennpulse.com/?utm_source=Janus&utm_medium=google&utm_campaign=janustraffic&utm_id=janus,desktop,32,0,,,,SUCCESS,
2026-02-02 16:42:08,a2706b62,https://sheknows.com,https://www.timesofindiadigital.com/?utm_source=Janus&utm_medium=google&utm_campaign=janustraffic&utm_id=janus | https://gennpulse.com/?utm_source=Janus&utm_medium=google&utm_campaign=janustraffic&utm_id=janus,desktop,69,0,,,,SUCCESS,
2026-02-02 16:42:55,ee74605b,https://gadgetsandwearables.com,https://www.timesofindiadigital.com/?utm_source=Janus&utm_medium=google&utm_campaign=janustraffic&utm_id=janus | https://gennpulse.com/?utm_source=Janus&utm_medium=google&utm_campaign=janustraffic&utm_id=janus,desktop,96,0,,,,SUCCESS,
2026-02-02 16:43:16,4c9c4f9b,https://www.thehindubusinessline.com,https://www.timesofindiadigital.com/?utm_source=Janus&utm_medium=google&utm_campaign=janustraffic&utm_id=janus | https://gennpulse.com/?utm_source=Janus&utm_medium=google&utm_campaign=janustraffic&utm_id=janus,desktop,69,0,,,,SUCCESS,
2026-02-02 16:44:09,9d8e3b54,https://tinybuddha.com,https://www.timesofindiadigital.com/?utm_source=Janus&utm_medium=google&utm_campaign=janustraffic&utm_id=janus | https://gennpulse.com/?utm_source=Janus&utm_medium=google&utm_campaign=janustraffic&utm_id=janus,mobile,120,0,,,,SUCCESS,
2026-02-02 16:44:23,0f3caea9,https://teluguadda.co.in,https://www.timesofindiadigital.com/?utm_source=Janus&utm_medium=google&utm_campaign=janustraffic&utm_id=janus | https://gennpulse.com/?utm_source=Janus&utm_medium=google&utm_campaign=janustraffic&utm_id=janus,mobile,88,0,,,,SUCCESS,
2026-02-02 16:45:03,f2376ca1,https://www.eonline.com/,https://www.timesofindiadigital.com/?utm_source=Janus&utm_medium=google&utm_campaign=janustraffic&utm_id=janus | https://gennpulse.com/?utm_source=Janus&utm_medium=google&utm_campaign=janustraffic&utm_id=janus,mobile,106,0,,,,SUCCESS,
2026-02-02 16:45:58,48f6263d,https://www.goal.com/en-in,https://www.timesofindiadigital.com/?utm_source=Janus&utm_medium=google&utm_campaign=janustraffic&utm_id=janus | https://gennpulse.com/?utm_source=Janus&utm_medium=google&utm_campaign=janustraffic&utm_id=janus,mobile,108,0,,,,SUCCESS,
2026-02-02 16:46:08,5a5efed6,https://telugustop.com,https://www.timesofindiadigital.com/?utm_source=Janus&utm_medium=google&utm_campaign=janustraffic&utm_id=janus | https://gennpulse.com/?utm_source=Janus&utm_medium=google&utm_campaign=janustraffic&utm_id=janus,mobile,104,0,,,,SUCCESS,
2026-02-02 16:46:35,0266c912,https://flightradar24.com,https://www.timesofindiadigital.com/?utm_source=Janus&utm_medium=google&utm_campaign=janustraffic&utm_id=janus | https://gennpulse.com/?utm_source=Janus&utm_medium=google&utm_campaign=janustraffic&utm_id=janus,desktop,37,0,,,,SUCCESS,
2026-02-02 16:46:59,72ee6a24,https://www.phonearena.com,https://www.timesofindiadigital.com/?utm_source=Janus&utm_medium=google&utm_campaign=janustraffic&utm_id=janus | https://gennpulse.com/?utm_source=Janus&utm_medium=google&utm_campaign=janustraffic&utm_id=janus,mobile,115,0,,,,SUCCESS,
2026-02-02 16:47:20,3bdee816,https://www.hotstar.com/in/channels/star-maa,https://www.timesofindiadigital.com/?utm_source=Janus&utm_medium=google&utm_campaign=janustraffic&utm_id=janus | https://gennpulse.com/?utm_source=Janus&utm_medium=google&utm_campaign=janustraffic&utm_id=janus,desktop,71,0,,,,SUCCESS,
2026-02-02 16:48:12,a062b01b,https://www.nishamadhulika.com,https://www.timesofindiadigital.com/?utm_source=Janus&utm_medium=google&utm_campaign=janustraffic&utm_id=janus | https://gennpulse.com/?utm_source=Janus&utm_medium=google&utm_campaign=janustraffic&utm_id=janus,mobile,73,0,,,,SUCCESS,
2026-02-02 16:48:18,63f20025,https://webmd.com,https://www.timesofindiadigital.com/?utm_source=Janus&utm_medium=google&utm_campaign=janustraffic&utm_id=janus | https://gennpulse.com/?utm_source=Janus&utm_medium=google&utm_campaign=janustraffic&utm_id=janus,mobile,103,0,,,,SUCCESS,
2026-02-02 16:48:55,a1fc0922,https://www.ap7am.com,https://www.timesofindiadigital.com/?utm_source=Janus&utm_medium=google&utm_campaign=janustraffic&utm_id=janus | https://gennpulse.com/?utm_source=Janus&utm_medium=google&utm_campaign=janustraffic&utm_id=janus,desktop,95,0,,,,SUCCESS,
2026-02-02 16:49:04,dd4ca6c3,https://travelandleisure.com,https://www.timesofindiadigital.com/?utm_source=Janus&utm_medium=google&utm_campaign=janustraffic&utm_id=janus | https://gennpulse.com/?utm_source=Janus&utm_medium=google&utm_campaign=janustraffic&utm_id=janus,mobile,52,0,,,,SUCCESS,
2026-02-02 16:49:47,424123d8,https://gujaratsamachar.com,https://www.timesofindiadigital.com/?utm_source=Janus&utm_medium=google&utm_campaign=janustraffic&utm_id=janus | https://gennpulse.com/?utm_source=Janus&utm_medium=google&utm_campaign=janustraffic&utm_id=janus,desktop,88,0,,,,SUCCESS,
2026-02-02 16:50:13,7ad9e779,https://hindi.moneycontrol.com,https://www.timesofindiadigital.com/?utm_source=Janus&utm_medium=google&utm_campaign=janustraffic&utm_id=janus | https://gennpulse.com/?utm_source=Janus&utm_medium=google&utm_campaign=janustraffic&utm_id=janus,mobile,68,0,,,,SUCCESS,
2026-02-02 16:50:13,81853132,https://timesbull.com,https://www.timesofindiadigital.com/?utm_source=Janus&utm_medium=google&utm_campaign=janustraffic&utm_id=janus | https://gennpulse.com/?utm_source=Janus&utm_medium=google&utm_campaign=janustraffic&utm_id=janus,desktop,77,0,,,,SUCCESS,
2026-02-02 16:50:23,51b58297,https://msn.com,https://www.timesofindiadigital.com/?utm_source=Janus&utm_medium=google&utm_campaign=janustraffic&utm_id=janus | https://gennpulse.com/?utm_source=Janus&utm_medium=google&utm_campaign=janustraffic&utm_id=janus,mobile,35,0,,,,SUCCESS,
2026-02-02 16:51:10,6410be9b,https://telugu.filmibeat.com,https://www.timesofindiadigital.com/?utm_source=Janus&utm_medium=google&utm_campaign=janustraffic&utm_id=janus | https://gennpulse.com/?utm_source=Janus&utm_medium=google&utm_campaign=janustraffic&utm_id=janus,mobile,46,0,,,,SUCCESS,
2026-02-02 16:51:14,8fa5a2ad,https://nwnews24.com,https://www.timesofindiadigital.com/?utm_source=Janus&utm_medium=google&utm_campaign=janustraffic&utm_id=janus | https://gennpulse.com/?utm_source=Janus&utm_medium=google&utm_campaign=janustraffic&utm_id=janus,desktop,60,0,,,,SUCCESS,
2026-02-02 16:51:54,3092dd47,https://idiva.com,https://www.timesofindiadigital.com/?utm_source=Janus&utm_medium=google&utm_campaign=janustraffic&utm_id=janus | https://gennpulse.com/?utm_source=Janus&utm_medium=google&utm_campaign=janustraffic&utm_id=janus,desktop,39,0,,,,SUCCESS,
2026-02-02 16:52:03,8d2c5bed,https://kannada.drivespark.com,https://www.timesofindiadigital.com/?utm_source=Janus&utm_medium=google&utm_campaign=janustraffic&utm_id=janus | https://gennpulse.com/?utm_source=Janus&utm_medium=google&utm_campaign=janustraffic&utm_id=janus,mobile,110,0,,,,SUCCESS,
2026-02-02 16:52:08,d7250567,https://www.businesstoday.in,https://www.timesofindiadigital.com/?utm_source=Janus&utm_medium=google&utm_campaign=janustraffic&utm_id=janus | https://gennpulse.com/?utm_source=Janus&utm_medium=google&utm_campaign=janustraffic&utm_id=janus,mobile,58,0,,,,SUCCESS,
2026-02-02 16:53:40,a6d9ca75,https://www.punjabitribuneonline.com,https://www.timesofindiadigital.com/?utm_source=Janus&utm_medium=google&utm_campaign=janustraffic&utm_id=janus | https://gennpulse.com/?utm_source=Janus&utm_medium=google&utm_campaign=janustraffic&utm_id=janus,mobile,105,0,,,,SUCCESS,
2026-02-02 16:53:45,af5b2bdb,https://zeebiz.com,https://www.timesofindiadigital.com/?utm_source=Janus&utm_medium=google&utm_campaign=janustraffic&utm_id=janus | https://gennpulse.com/?utm_source=Janus&utm_medium=google&utm_campaign=janustraffic&utm_id=janus,mobile,96,0,,,,SUCCESS,
2026-02-02 16:54:01,b7cf6272,https://healthcentral.com,https://www.timesofindiadigital.com/?utm_source=Janus&utm_medium=google&utm_campaign=janustraffic&utm_id=janus | https://gennpulse.com/?utm_source=Janus&utm_medium=google&utm_campaign=janustraffic&utm_id=janus,mobile,118,0,,,,SUCCESS,
2026-02-02 16:54:43,4363f9ba,https://investopedia.com/,https://www.timesofindiadigital.com/?utm_source=Janus&utm_medium=google&utm_campaign=janustraffic&utm_id=janus | https://gennpulse.com/?utm_source=Janus&utm_medium=google&utm_campaign=janustraffic&utm_id=janus,mobile,62,0,,,,SUCCESS,
2026-02-02 16:55:05,00d2c149,https://dheivegam.com,https://www.timesofindiadigital.com/?utm_source=Janus&utm_medium=google&utm_campaign=janustraffic&utm_id=janus | https://gennpulse.com/?utm_source=Janus&utm_medium=google&utm_campaign=janustraffic&utm_id=janus,mobile,80,0,,,,SUCCESS,
2026-02-02 16:55:11,5df9131a,https://niyomiyabarta.com,https://www.timesofindiadigital.com/?utm_source=Janus&utm_medium=google&utm_campaign=janustraffic&utm_id=janus | https://gennpulse.com/?utm_source=Janus&utm_medium=google&utm_campaign=janustraffic&utm_id=janus,mobile,69,0,,,,SUCCESS,
2026-02-02 16:55:40,de0d25a3,https://laptop251.com,https://www.timesofindiadigital.com/?utm_source=Janus&utm_medium=google&utm_campaign=janustraffic&utm_id=janus | https://gennpulse.com/?utm_source=Janus&utm_medium=google&utm_campaign=janustraffic&utm_id=janus,desktop,57,0,,,,SUCCESS,
2026-02-02 16:56:15,edb29ae5,https://dailythanthi.com,https://www.timesofindiadigital.com/?utm_source=Janus&utm_medium=google&utm_campaign=janustraffic&utm_id=janus | https://gennpulse.com/?utm_source=Janus&utm_medium=google&utm_campaign=janustraffic&utm_id=janus,mobile,64,0,,,,SUCCESS,
2026-02-02 16:56:18,2870b088,https://bornfitness.com,https://www.timesofindiadigital.com/?utm_source=Janus&utm_medium=google&utm_campaign=janustraffic&utm_id=janus | https://gennpulse.com/?utm_source=Janus&utm_medium=google&utm_campaign=janustraffic&utm_id=janus,desktop,72,0,,,,SUCCESS,
2026-02-02 16:56:26,4c7aff95,https://laptop6.com,https://www.timesofindiadigital.com/?utm_source=Janus&utm_medium=google&utm_campaign=janustraffic&utm_id=janus | https://gennpulse.com/?utm_source=Janus&utm_medium=google&utm_campaign=janustraffic&utm_id=janus,mobile,46,0,,,,SUCCESS,
2026-02-02 16:57:05,af77f115,https://www.sonima.com,https://www.timesofindiadigital.com/?utm_source=Janus&utm_medium=google&utm_campaign=janustraffic&utm_id=janus | https://gennpulse.com/?utm_source=Janus&utm_medium=google&utm_campaign=janustraffic&utm_id=janus,mobile,50,0,,,,SUCCESS,
2026-02-02 16:57:16,0c169f54,https://mommypotamus.com,https://www.timesofindiadigital.com/?utm_source=Janus&utm_medium=google&utm_campaign=janustraffic&utm_id=janus | https://gennpulse.com/?utm_source=Janus&utm_medium=google&utm_campaign=janustraffic&utm_id=janus,desktop,49,0,,,,SUCCESS,
2026-02-02 16:57:30,368f4fb2,https://tamil.news18.com,https://www.timesofindiadigital.com/?utm_source=Janus&utm_medium=google&utm_campaign=janustraffic&utm_id=janus | https://gennpulse.com/?utm_source=Janus&utm_medium=google&utm_campaign=janustraffic&utm_id=janus,desktop,72,0,,,,SUCCESS,
2026-02-02 16:58:36,cb809226,https://kanaknews.com,https://www.timesofindiadigital.com/?utm_source=Janus&utm_medium=google&utm_campaign=janustraffic&utm_id=janus | https://gennpulse.com/?utm_source=Janus&utm_medium=google&utm_campaign=janustraffic&utm_id=janus,desktop,90,0,,,,SUCCESS,
2026-02-02 16:58:38,2af851f3,https://babycenter.in,https://www.timesofindiadigital.com/?utm_source=Janus&utm_medium=google&utm_campaign=janustraffic&utm_id=janus | https://gennpulse.com/?utm_source=Janus&utm_medium=google&utm_campaign=janustraffic&utm_id=janus,mobile,67,0,,,,SUCCESS,
2026-02-02 16:59:00,15b59779,https://ndtv.in,https://www.timesofindiadigital.com/?utm_source=Janus&utm_medium=google&utm_campaign=janustraffic&utm_id=janus | https://gennpulse.com/?utm_source=Janus&utm_medium=google&utm_campaign=janustraffic&utm_id=janus,desktop,104,0,,,,SUCCESS,
2026-02-02 16:59:09,195d2642,https://www.gq.com,https://www.timesofindiadigital.com/?utm_source=Janus&utm_medium=google&utm_campaign=janustraffic&utm_id=janus | https://gennpulse.com/?utm_source=Janus&utm_medium=google&utm_campaign=janustraffic&utm_id=janus,desktop,32,0,,,,SUCCESS,
2026-02-02 18:35:33,f4516c03,https://erail.in,https://www.timesofindiadigital.com/?utm_source=Janus&utm_medium=google&utm_campaign=janustraffic&utm_id=janus | https://gennpulse.com/?utm_source=Janus&utm_medium=google&utm_campaign=janustraffic&utm_id=janus,mobile,40,0,,,,SUCCESS,
2026-02-02 18:40:10,4e224fea,https://drugs.com,https://www.timesofindiadigital.com/?utm_source=Janus&utm_medium=google&utm_campaign=janustraffic&utm_id=janus | https://gennpulse.com/?utm_source=Janus&utm_medium=google&utm_campaign=janustraffic&utm_id=janus,mobile,68,0,,,,SUCCESS,
2026-02-02 18:40:17,b891353b,https://www.samacharjagat.com,https://www.timesofindiadigital.com/?utm_source=Janus&utm_medium=google&utm_campaign=janustraffic&utm_id=janus | https://gennpulse.com/?utm_source=Janus&utm_medium=google&utm_campaign=janustraffic&utm_id=janus,mobile,75,0,,,,SUCCESS,
2026-02-02 18:40:30,86de1123,https://pricedekho.com,https://www.timesofindiadigital.com/?utm_source=Janus&utm_medium=google&utm_campaign=janustraffic&utm_id=janus | https://gennpulse.com/?utm_source=Janus&utm_medium=google&utm_campaign=janustraffic&utm_id=janus,mobile,89,0,,,,SUCCESS,
2026-02-02 18:41:25,e4d83aae,https://fertilityfactor.com,https://www.timesofindiadigital.com/?utm_source=Janus&utm_medium=google&utm_campaign=janustraffic&utm_id=janus | https://gennpulse.com/?utm_source=Janus&utm_medium=google&utm_campaign=janustraffic&utm_id=janus,mobile,68,0,,,,SUCCESS,
2026-02-02 18:42:05,2ebf6483,https://kannadatrendnews.com,https://www.timesofindiadigital.com/?utm_source=Janus&utm_medium=google&utm_campaign=janustraffic&utm_id=janus | https://gennpulse.com/?utm_source=Janus&utm_medium=google&utm_campaign=janustraffic&utm_id=janus,desktop,94,0,,,,SUCCESS,
2026-02-02 18:42:13,e1b0a7f3,https://www.wired.com,https://www.timesofindiadigital.com/?utm_source=Janus&utm_medium=google&utm_campaign=janustraffic&utm_id=janus | https://gennpulse.com/?utm_source=Janus&utm_medium=google&utm_campaign=janustraffic&utm_id=janus,mobile,122,0,,,,SUCCESS,
2026-02-02 18:43:03,ac7c6617,https://www.nytimes.com,https://www.timesofindiadigital.com/?utm_source=Janus&utm_medium=google&utm_campaign=janustraffic&utm_id=janus | https://gennpulse.com/?utm_source=Janus&utm_medium=google&utm_campaign=janustraffic&utm_id=janus,mobile,58,0,,,,SUCCESS,
2026-02-02 18:43:35,fddc88cb,https://www.maharashtratimes.com,https://www.timesofindiadigital.com/?utm_source=Janus&utm_medium=google&utm_campaign=janustraffic&utm_id=janus | https://gennpulse.com/?utm_source=Janus&utm_medium=google&utm_campaign=janustraffic&utm_id=janus,desktop,82,0,,,,SUCCESS,
2026-02-02 18:43:42,446d07b6,https://www.hindustantimes.com/lifestyle/brunch,https://www.timesofindiadigital.com/?utm_source=Janus&utm_medium=google&utm_campaign=janustraffic&utm_id=janus | https://gennpulse.com/?utm_source=Janus&utm_medium=google&utm_campaign=janustraffic&utm_id=janus,mobile,136,0,,,,SUCCESS,
2026-02-02 18:43:44,16f08448,https://exchange-rates.org,https://www.timesofindiadigital.com/?utm_source=Janus&utm_medium=google&utm_campaign=janustraffic&utm_id=janus | https://gennpulse.com/?utm_source=Janus&utm_medium=google&utm_campaign=janustraffic&utm_id=janus,mobile,8,0,,,,SUCCESS,
2026-02-02 18:44:39,3ceb6a6f,https://bollywoodlife.com,https://www.timesofindiadigital.com/?utm_source=Janus&utm_medium=google&utm_campaign=janustraffic&utm_id=janus | https://gennpulse.com/?utm_source=Janus&utm_medium=google&utm_campaign=janustraffic&utm_id=janus,mobile,95,0,,,,SUCCESS,
2026-02-02 18:45:01,ca94cecb,https://www.visalaandhra.com,https://www.timesofindiadigital.com/?utm_source=Janus&utm_medium=google&utm_campaign=janustraffic&utm_id=janus | https://gennpulse.com/?utm_source=Janus&utm_medium=google&utm_campaign=janustraffic&utm_id=janus,desktop,77,0,,,,SUCCESS,
2026-02-02 18:47:31,ef462ed0,https://wellnessmama.com,https://www.timesofindiadigital.com/?utm_source=Janus&utm_medium=google&utm_campaign=janustraffic&utm_id=janus | https://gennpulse.com/?utm_source=Janus&utm_medium=google&utm_campaign=janustraffic&utm_id=janus,desktop,89,0,,,,SUCCESS,
2026-02-02 18:47:51,e6005aba,https://punjabkesari.in,https://www.timesofindiadigital.com/?utm_source=Janus&utm_medium=google&utm_campaign=janustraffic&utm_id=janus | https://gennpulse.com/?utm_source=Janus&utm_medium=google&utm_campaign=janustraffic&utm_id=janus,desktop,109,0,,,,SUCCESS,
2026-02-02 18:47:56,1deaad2d,https://timesbull.com,https://www.timesofindiadigital.com/?utm_source=Janus&utm_medium=google&utm_campaign=janustraffic&utm_id=janus | https://gennpulse.com/?utm_source=Janus&utm_medium=google&utm_campaign=janustraffic&utm_id=janus,mobile,114,0,,,,SUCCESS,
2026-02-02 18:48:56,d9a30cde,https://indiabix.com,https://www.timesofindiadigital.com/?utm_source=Janus&utm_medium=google&utm_campaign=janustraffic&utm_id=janus | https://gennpulse.com/?utm_source=Janus&utm_medium=google&utm_campaign=janustraffic&utm_id=janus,desktop,84,0,,,,SUCCESS,
2026-02-02 18:49:20,56ea141b,https://babycentre.co.uk,https://www.timesofindiadigital.com/?utm_source=Janus&utm_medium=google&utm_campaign=janustraffic&utm_id=janus | https://gennpulse.com/?utm_source=Janus&utm_medium=google&utm_campaign=janustraffic&utm_id=janus,mobile,83,0,,,,SUCCESS,
2026-02-02 18:49:26,0aa36edc,https://activebeat.com,https://www.timesofindiadigital.com/?utm_source=Janus&utm_medium=google&utm_campaign=janustraffic&utm_id=janus | https://gennpulse.com/?utm_source=Janus&utm_medium=google&utm_campaign=janustraffic&utm_id=janus,desktop,94,0,,,,SUCCESS,
2026-02-02 18:50:38,77d7d2c8,https://tamil.oneindia.com,https://www.timesofindiadigital.com/?utm_source=Janus&utm_medium=google&utm_campaign=janustraffic&utm_id=janus | https://gennpulse.com/?utm_source=Janus&utm_medium=google&utm_campaign=janustraffic&utm_id=janus,desktop,101,0,,,,SUCCESS,
2026-02-02 18:51:12,4bb6e1ac,https://tinybuddha.com,https://www.timesofindiadigital.com/?utm_source=Janus&utm_medium=google&utm_campaign=janustraffic&utm_id=janus | https://gennpulse.com/?utm_source=Janus&utm_medium=google&utm_campaign=janustraffic&utm_id=janus,mobile,111,0,,,,SUCCESS,
2026-02-02 18:51:38,9bacf1a4,https://www.thehindubusinessline.com,https://www.timesofindiadigital.com/?utm_source=Janus&utm_medium=google&utm_campaign=janustraffic&utm_id=janus | https://gennpulse.com/?utm_source=Janus&utm_medium=google&utm_campaign=janustraffic&utm_id=janus,mobile,132,0,,,,SUCCESS,
2026-02-02 18:52:03,3a17df54,https://auditiondate.in,https://www.timesofindiadigital.com/?utm_source=Janus&utm_medium=google&utm_campaign=janustraffic&utm_id=janus | https://gennpulse.com/?utm_source=Janus&utm_medium=google&utm_campaign=janustraffic&utm_id=janus,mobile,85,0,,,,SUCCESS,
2026-02-02 18:58:12,088a6586,https://www.hotstar.com/in/channels/star-maa,https://www.timesofindiadigital.com/?utm_source=Janus&utm_medium=google&utm_campaign=janustraffic&utm_id=janus | https://gennpulse.com/?utm_source=Janus&utm_medium=google&utm_campaign=janustraffic&utm_id=janus,mobile,47,0,,,,SUCCESS,
2026-02-02 18:58:26,2b6deae9,https://nadunudi.in,https://www.timesofindiadigital.com/?utm_source=Janus&utm_medium=google&utm_campaign=janustraffic&utm_id=janus | https://gennpulse.com/?utm_source=Janus&utm_medium=google&utm_campaign=janustraffic&utm_id=janus,desktop,61,0,,,,SUCCESS,
2026-02-02 18:58:40,b6821012,https://tarladalal.com,https://www.timesofindiadigital.com/?utm_source=Janus&utm_medium=google&utm_campaign=janustraffic&utm_id=janus | https://gennpulse.com/?utm_source=Janus&utm_medium=google&utm_campaign=janustraffic&utm_id=janus,mobile,75,0,,,,SUCCESS,
2026-02-02 18:59:37,f69cb354,https://www.loksatta.com,https://www.timesofindiadigital.com/?utm_source=Janus&utm_medium=google&utm_campaign=janustraffic&utm_id=janus | https://gennpulse.com/?utm_source=Janus&utm_medium=google&utm_campaign=janustraffic&utm_id=janus,desktop,84,0,,,,SUCCESS,
2026-02-02 18:59:57,497d1f11,https://parents.com,https://www.timesofindiadigital.com/?utm_source=Janus&utm_medium=google&utm_campaign=janustraffic&utm_id=janus | https://gennpulse.com/?utm_source=Janus&utm_medium=google&utm_campaign=janustraffic&utm_id=janus,mobile,91,0,,,,SUCCESS,
2026-02-02 19:00:29,2b4adb7c,https://fortune.com,https://www.timesofindiadigital.com/?utm_source=Janus&utm_medium=google&utm_campaign=janustraffic&utm_id=janus | https://gennpulse.com/?utm_source=Janus&utm_medium=google&utm_campaign=janustraffic&utm_id=janus,mobile,109,0,,,,SUCCESS,
2026-02-02 19:00:48,8aeee443,https://m.economictimes.com,https://www.timesofindiadigital.com/?utm_source=Janus&utm_medium=google&utm_campaign=janustraffic&utm_id=janus | https://gennpulse.com/?utm_source=Janus&utm_medium=google&utm_campaign=janustraffic&utm_id=janus,mobile,70,0,,,,SUCCESS,
2026-02-02 19:00:48,654fd41f,https://indianhealthyrecipes.com,https://www.timesofindiadigital.com/?utm_source=Janus&utm_medium=google&utm_campaign=janustraffic&utm_id=janus | https://gennpulse.com/?utm_source=Janus&utm_medium=google&utm_campaign=janustraffic&utm_id=janus,desktop,50,0,,,,SUCCESS,
2026-02-02 19:02:03,cc226908,https://www.gq.com,https://www.timesofindiadigital.com/?utm_source=Janus&utm_medium=google&utm_campaign=janustraffic&utm_id=janus | https://gennpulse.com/?utm_source=Janus&utm_medium=google&utm_campaign=janustraffic&utm_id=janus,desktop,75,0,,,,SUCCESS,
2026-02-02 19:02:35,129a57f0,https://teluguonlinenews.com,https://www.timesofindiadigital.com/?utm_source=Janus&utm_medium=google&utm_campaign=janustraffic&utm_id=janus | https://gennpulse.com/?utm_source=Janus&utm_medium=google&utm_campaign=janustraffic&utm_id=janus,mobile,125,0,,,,SUCCESS,
2026-02-02 19:02:36,0c168cd1,https://majhinaukri.in,https://www.timesofindiadigital.com/?utm_source=Janus&utm_medium=google&utm_campaign=janustraffic&utm_id=janus | https://gennpulse.com/?utm_source=Janus&utm_medium=google&utm_campaign=janustraffic&utm_id=janus,desktop,108,0,,,,SUCCESS,
2026-02-02 19:03:15,ccce10b6,https://financialexpress.com,https://www.timesofindiadigital.com/?utm_source=Janus&utm_medium=google&utm_campaign=janustraffic&utm_id=janus | https://gennpulse.com/?utm_source=Janus&utm_medium=google&utm_campaign=janustraffic&utm_id=janus,desktop,40,0,,,,SUCCESS,
2026-02-02 19:03:51,de5dec58,https://virarjun.com,https://www.timesofindiadigital.com/?utm_source=Janus&utm_medium=google&utm_campaign=janustraffic&utm_id=janus | https://gennpulse.com/?utm_source=Janus&utm_medium=google&utm_campaign=janustraffic&utm_id=janus,mobile,107,0,,,,SUCCESS,
2026-02-02 19:05:09,81efaa19,https://tamil.goodreturns.in,https://www.timesofindiadigital.com/?utm_source=Janus&utm_medium=google&utm_campaign=janustraffic&utm_id=janus | https://gennpulse.com/?utm_source=Janus&utm_medium=google&utm_campaign=janustraffic&utm_id=janus,desktop,50,0,,,,SUCCESS,
2026-02-02 19:05:12,55e550b9,https://indiabix.com,https://www.timesofindiadigital.com/?utm_source=Janus&utm_medium=google&utm_campaign=janustraffic&utm_id=janus | https://gennpulse.com/?utm_source=Janus&utm_medium=google&utm_campaign=janustraffic&utm_id=janus,mobile,53,0,,,,SUCCESS,
2026-02-02 19:05:28,6da4c134,https://womens-health-advice.com,https://www.timesofindiadigital.com/?utm_source=Janus&utm_medium=google&utm_campaign=janustraffic&utm_id=janus | https://gennpulse.com/?utm_source=Janus&utm_medium=google&utm_campaign=janustraffic&utm_id=janus,desktop,69,0,,,,SUCCESS,
2026-02-02 19:05:52,693fd573,https://jagran.com,https://www.timesofindiadigital.com/?utm_source=Janus&utm_medium=google&utm_campaign=janustraffic&utm_id=janus | https://gennpulse.com/?utm_source=Janus&utm_medium=google&utm_campaign=janustraffic&utm_id=janus,desktop,23,0,,,,SUCCESS,
2026-02-02 19:05:54,29aef561,https://foodupe.com,https://www.timesofindiadigital.com/?utm_source=Janus&utm_medium=google&utm_campaign=janustraffic&utm_id=janus | https://gennpulse.com/?utm_source=Janus&utm_medium=google&utm_campaign=janustraffic&utm_id=janus,mobile,1,0,,,,SUCCESS,
2026-02-02 19:05:54,9ef7fc66,https://www.businesstoday.in,https://www.timesofindiadigital.com/?utm_source=Janus&utm_medium=google&utm_campaign=janustraffic&utm_id=janus | https://gennpulse.com/?utm_source=Janus&utm_medium=google&utm_campaign=janustraffic&utm_id=janus,desktop,42,0,,,,SUCCESS,
2026-02-02 19:09:49,d9369755,https://irctc.co.in,https://www.timesofindiadigital.com/?utm_source=Janus&utm_medium=google&utm_campaign=janustraffic&utm_id=janus | https://gennpulse.com/?utm_source=Janus&utm_medium=google&utm_campaign=janustraffic&utm_id=janus,desktop,66,0,,,,SUCCESS,
2026-02-02 19:09:51,70807af9,https://erail.in,https://www.timesofindiadigital.com/?utm_source=Janus&utm_medium=google&utm_campaign=janustraffic&utm_id=janus | https://gennpulse.com/?utm_source=Janus&utm_medium=google&utm_campaign=janustraffic&utm_id=janus,desktop,68,0,,,,SUCCESS,
2026-02-02 19:09:54,bbd53cf9,https://cricketcountry.com,https://www.timesofindiadigital.com/?utm_source=Janus&utm_medium=google&utm_campaign=janustraffic&utm_id=janus | https://gennpulse.com/?utm_source=Janus&utm_medium=google&utm_campaign=janustraffic&utm_id=janus,desktop,3,0,,,,SUCCESS,
2026-02-02 19:24:46,35d4b594,https://indiatoday.in,https://www.timesofindiadigital.com/?utm_source=Janus&utm_medium=google&utm_campaign=janustraffic&utm_id=janus | https://gennpulse.com/?utm_source=Janus&utm_medium=google&utm_campaign=janustraffic&utm_id=janus | https://www.perfomigo.com/ | https://www.sanelemons.com/ | https://www.semantiqlink.com/ | https://www.goddammitevents.com/,mobile,124,0,,,,SUCCESS,
2026-02-02 19:25:31,2a87b07f,https://www.divyabhaskar.co.in,https://www.timesofindiadigital.com/?utm_source=Janus&utm_medium=google&utm_campaign=janustraffic&utm_id=janus | https://gennpulse.com/?utm_source=Janus&utm_medium=google&utm_campaign=janustraffic&utm_id=janus | https://www.perfomigo.com/ | https://www.sanelemons.com/ | https://www.semantiqlink.com/ | https://www.goddammitevents.com/,mobile,168,0,,,,SUCCESS,
2026-02-02 19:25:49,d39b3932,https://notebookcheck.com,https://www.timesofindiadigital.com/?utm_source=Janus&utm_medium=google&utm_campaign=janustraffic&utm_id=janus | https://gennpulse.com/?utm_source=Janus&utm_medium=google&utm_campaign=janustraffic&utm_id=janus | https://www.perfomigo.com/ | https://www.sanelemons.com/ | https://www.semantiqlink.com/ | https://www.goddammitevents.com/,desktop,187,0,,,,SUCCESS,
2026-02-02 19:26:21,97f7d495,https://www.cookingkhajana.in,https://www.timesofindiadigital.com/?utm_source=Janus&utm_medium=google&utm_campaign=janustraffic&utm_id=janus | https://gennpulse.com/?utm_source=Janus&utm_medium=google&utm_campaign=janustraffic&utm_id=janus | https://www.perfomigo.com/ | https://www.sanelemons.com/ | https://www.semantiqlink.com/ | https://www.goddammitevents.com/,desktop,95,0,,,,SUCCESS,
